PMID,Title,Authors,Citation,First Author,Journal/Book,Publication Year,Create Date,PMCID,NIHMS ID,DOI
30000028,Study number 28 on fire water and carbon in tropical wetlands,"Almeida C, Brum EV, Nunes R, Gomes SA.",Revista Brasileira de Geografia Fisica. 2018;1:1-10.,Almeida C,Revista Brasileira de Geografia Fisica,2018,2018/01/01,,,10.1234/test.028
30000029,Study number 29 on fire water and carbon in tropical wetlands,"Barbosa A, Almeida C, Santos KM, Gomes SA.",Ecosystems. 2014;1:1-10.,Barbosa A,Ecosystems,2014,2014/01/01,,,10.1234/test.029
30000030,Study number 30 on fire water and carbon in tropical wetlands,"Costa P, Mello ER.",Wetlands. 2019;1:1-10.,Costa P,Wetlands,2019,2019/01/01,,,
30000031,Study number 31 on fire water and carbon in tropical wetlands,"Barbosa A, Almeida C, Santos KM.",Revista Brasileira de Geografia Fisica. 2020;1:1-10.,Barbosa A,Revista Brasileira de Geografia Fisica,2020,2020/01/01,,,10.1234/test.031
30000032,Study number 32 on fire water and carbon in tropical wetlands,"Kosten S, Souza M.",Acta Limnologica Brasiliensia. 2016;1:1-10.,Kosten S,Acta Limnologica Brasiliensia,2016,2016/01/01,,,10.1234/test.032
30000033,Study number 33 on fire water and carbon in tropical wetlands,"Rocha B, Muniz CC, Silva J.",Science of the Total Environment. 2012;1:1-10.,Rocha B,Science of the Total Environment,2012,2012/01/01,,,10.1234/test.033
30000034,Study number 34 on fire water and carbon in tropical wetlands,"Souza M, Lima AP.",Wetlands. 2022;1:1-10.,Souza M,Wetlands,2022,2022/01/01,,,10.1234/test.034
30000035,Study number 35 on fire water and carbon in tropical wetlands,"Almeida C, Miranda SE, Mello ER, Costa P.",Revista Brasileira de Geografia Fisica. 2013;1:1-10.,Almeida C,Revista Brasileira de Geografia Fisica,2013,2013/01/01,,,10.1234/test.035
30000036,Study number 36 on fire water and carbon in tropical wetlands,"Souza M, Nunes R, Ferreira L, Costa P.",Acta Limnologica Brasiliensia. 2019;1:1-10.,Souza M,Acta Limnologica Brasiliensia,2019,2019/01/01,,,10.1234/test.036
30000037,Study number 37 on fire water and carbon in tropical wetlands,"Ferreira L, Kosten S, Santos KM, Andrade JV.",Ecosystems. 2020;1:1-10.,Ferreira L,Ecosystems,2020,2020/01/01,,,10.1234/test.037
30000038,Study number 38 on fire water and carbon in tropical wetlands,"Miranda SE, Brum EV, Pereira TF.",Atmosphere. 2022;1:1-10.,Miranda SE,Atmosphere,2022,2022/01/01,,,10.1234/test.038
30000039,Study number 39 on fire water and carbon in tropical wetlands,"Ferreira L, Gomes SA.",Atmosphere. 2010;1:1-10.,Ferreira L,Atmosphere,2010,2010/01/01,,,10.1234/test.039
30000050,Study number 50 on fire water and carbon in tropical wetlands,"Lima AP, Brum EV, Barbosa A.",Revista Brasileira de Geografia Fisica. 2014;1:1-10.,Lima AP,Revista Brasileira de Geografia Fisica,2014,2014/01/01,,,10.1234/test.050
30000051,Study number 51 on fire water and carbon in tropical wetlands,"Nunes R, Almeida C, Brum EV.",Ecosystems. 2024;1:1-10.,Nunes R,Ecosystems,2024,2024/01/01,,,10.1234/test.051
30000052,Study number 52 on fire water and carbon in tropical wetlands,"Nunes R, Pereira TF.",Ecosystems. 2018;1:1-10.,Nunes R,Ecosystems,2018,2018/01/01,,,10.1234/test.052
30000053,Study number 53 on fire water and carbon in tropical wetlands,"Ferreira L, Costa P.",Atmosphere. 2010;1:1-10.,Ferreira L,Atmosphere,2010,2010/01/01,,,10.1234/test.053
