ID,Title,Author(s),Source,Journal,Language(s),Publication year,Fulltext URL
S0000-0046,Study number 46 on fire water and carbon in tropical wetlands,"Miranda, Sofia",Science of the Total Environment,Science of the Total Environment,English,2022,http://scielo.test/46
S0000-0047,Study number 47 on fire water and carbon in tropical wetlands,"Pereira, Thiago, Santos, Keitty",Acta Limnologica Brasiliensia,Acta Limnologica Brasiliensia,English,2023,http://scielo.test/47
S0000-0048,Study number 48 on fire water and carbon in tropical wetlands,"Barbosa, Ana",Revista Brasileira de Geografia Fisica,Revista Brasileira de Geografia Fisica,English,2012,http://scielo.test/48
S0000-0049,Study number 49 on fire water and carbon in tropical wetlands,"Silva, Joao, Muniz, Claumir",Revista Brasileira de Geografia Fisica,Revista Brasileira de Geografia Fisica,English,2018,http://scielo.test/49
S0000-0050,Study number 50 on fire water and carbon in tropical wetlands,"Lima, Ana Paula, Brum, Everton, Barbosa, Ana",Revista Brasileira de Geografia Fisica,Revista Brasileira de Geografia Fisica,English,2014,http://scielo.test/50
S0000-0051,Study number 51 on fire water and carbon in tropical wetlands,"Nunes, Rita, Almeida, Carlos, Brum, Everton",Ecosystems,Ecosystems,English,2024,http://scielo.test/51
S0000-0052,Study number 52 on fire water and carbon in tropical wetlands,"Nunes, Rita, Pereira, Thiago",Ecosystems,Ecosystems,English,2018,http://scielo.test/52
S0000-0053,Study number 53 on fire water and carbon in tropical wetlands,"Ferreira, Lucia, Costa, Pedro",Atmosphere,Atmosphere,English,2010,http://scielo.test/53
S0000-0054,Study number 54 on fire water and carbon in tropical wetlands,"Costa, Pedro, Almeida, Carlos, Gomes, Silvia, Pereira, Thiago",Wetlands,Wetlands,English,2008,http://scielo.test/54
S0000-0055,Study number 55 on fire water and carbon in tropical wetlands,"Lima, Ana Paula, Brum, Everton",Acta Limnologica Brasiliensia,Acta Limnologica Brasiliensia,English,2018,http://scielo.test/55
S0000-0056,Study number 56 on fire water and carbon in tropical wetlands,"Souza, Maria",Acta Limnologica Brasiliensia,Acta Limnologica Brasiliensia,English,2025,http://scielo.test/56
S0000-0057,Study number 57 on fire water and carbon in tropical wetlands,"Almeida, Carlos",Ecosystems,Ecosystems,English,2013,http://scielo.test/57
S0000-0058,Study number 58 on fire water and carbon in tropical wetlands,"Andrade, Joao Vitor, Kosten, Sarian",Atmosphere,Atmosphere,English,2011,http://scielo.test/58
S0000-0059,Study number 59 on fire water and carbon in tropical wetlands,"Almeida, Carlos, Rocha, Beatriz, Silva, Joao",Ecosystems,Ecosystems,English,2009,http://scielo.test/59
