Authors,Author full names,Title,Year,Source title,Cited by,DOI,Affiliations,Authors with affiliations,Author Keywords,Index Keywords,Funding Details,Language of Original Document,Document Type
"Costa, P.; Andrade, J.V.","Costa, Pedro (1000); Andrade, Joao Vitor (1001)",Study number 20 on fire water and carbon in tropical wetlands,2018,Revista Brasileira de Geografia Fisica,78,10.1234/test.020,"Univ Lisboa, City, Portugal; Univ Estado Mato Grosso, City, Brazil","Costa, P., Univ Lisboa, City, Portugal; Andrade, J.V., Univ Estado Mato Grosso, City, Brazil",phytoplankton; remote sensing; land use; methane,,"Conselho Nacional de Desenvolvimento Cientifico e Tecnologico, CNPq: 123",English,Article
"Silva, J.","Silva, Joao (1000)",Study number 21 on fire water and carbon in tropical wetlands,2023,Atmosphere,12,10.1234/test.021,"Univ Estado Mato Grosso, City, Brazil","Silva, J., Univ Estado Mato Grosso, City, Brazil",smoke; wildfire; ash; land use,,"Conselho Nacional de Desenvolvimento Cientifico e Tecnologico, CNPq: 123",English,Article
"Kosten, S.; Muniz, C.C.; Pereira, T.F.","Kosten, Sarian (1000); Muniz, Claumir (1001); Pereira, Thiago (1002)",Study number 22 on fire water and carbon in tropical wetlands,2012,Wetlands,50,,"Radboud Univ, City, Netherlands; Univ Estado Mato Grosso, City, Brazil","Kosten, S., Radboud Univ, City, Netherlands; Muniz, C.C., Univ Estado Mato Grosso, City, Brazil; Pereira, T.F., Univ Estado Mato Grosso, City, Brazil",pantanal; remote sensing,,"Conselho Nacional de Desenvolvimento Cientifico e Tecnologico, CNPq: 123",English,Article
"Souza, M.; Costa, P.; Pereira, T.F.; Nunes, R.","Souza, Maria (1000); Costa, Pedro (1001); Pereira, Thiago (1002); Nunes, Rita (1003)",Study number 23 on fire water and carbon in tropical wetlands,2010,Revista Brasileira de Geografia Fisica,66,,"Univ Estado Mato Grosso, City, Brazil; Univ Lisboa, City, Portugal","Souza, M., Univ Estado Mato Grosso, City, Brazil; Costa, P., Univ Lisboa, City, Portugal; Pereira, T.F., Univ Estado Mato Grosso, City, Brazil; Nunes, R., Univ Estado Mato Grosso, City, Brazil",wetland; floodplain; wildfire,,"Conselho Nacional de Desenvolvimento Cientifico e Tecnologico, CNPq: 123",English,Article
"Silva, J.; Gomes, S.A.; Brum, E.V.","Silva, Joao (1000); Gomes, Silvia (1001); Brum, Everton (1002)",STUDY NUMBER 24 ON FIRE WATER AND CARBON IN TROPICAL WETLANDS.,2008,Acta Limnologica Brasiliensia,17,10.1234/test.024,"Univ Estado Mato Grosso, City, Brazil","Silva, J., Univ Estado Mato Grosso, City, Brazil; Gomes, S.A., Univ Estado Mato Grosso, City, Brazil; Brum, E.V., Univ Estado Mato Grosso, City, Brazil",wetland; drought,,"Conselho Nacional de Desenvolvimento Cientifico e Tecnologico, CNPq: 123",English,Article
"Santos, K.M.; Pereira, T.F.","Santos, Keitty (1000); Pereira, Thiago (1001)",Study number 25 on fire water and carbon in tropical wetlands,2020,Revista Brasileira de Geografia Fisica,72,10.1234/test.025,"Univ Estado Mato Grosso, City, Brazil","Santos, K.M., Univ Estado Mato Grosso, City, Brazil; Pereira, T.F., Univ Estado Mato Grosso, City, Brazil",land use; pantanal; ash; phytoplankton,,"Conselho Nacional de Desenvolvimento Cientifico e Tecnologico, CNPq: 123",English,Article
"Brum, E.V.","Brum, Everton (1000)",Study number 26 on fire water and carbon in tropical wetlands,2024,Wetlands,5,10.1234/test.026,"Univ Estado Mato Grosso, City, Brazil","Brum, E.V., Univ Estado Mato Grosso, City, Brazil",land use; wetland; pantanal,,"Conselho Nacional de Desenvolvimento Cientifico e Tecnologico, CNPq: 123",English,Article
"Lima, A.P.; Mello, E.R.","Lima, Ana Paula (1000); Mello, Elaine (1001)",Study number 27 on fire water and carbon in tropical wetlands,2023,Atmosphere,21,10.1234/test.027,"Univ Estado Mato Grosso, City, Brazil","Lima, A.P., Univ Estado Mato Grosso, City, Brazil; Mello, E.R., Univ Estado Mato Grosso, City, Brazil",air quality; smoke,,"Conselho Nacional de Desenvolvimento Cientifico e Tecnologico, CNPq: 123",English,Article
"Almeida, C.; Brum, E.V.; Nunes, R.; Gomes, S.A.","Almeida, Carlos (1000); Brum, Everton (1001); Nunes, Rita (1002); Gomes, Silvia (1003)",Study number 28 on fire water and carbon in tropical wetlands,2018,Revista Brasileira de Geografia Fisica,54,10.1234/test.028,"Univ Estado Mato Grosso, City, Brazil","Almeida, C., Univ Estado Mato Grosso, City, Brazil; Brum, E.V., Univ Estado Mato Grosso, City, Brazil; Nunes, R., Univ Estado Mato Grosso, City, Brazil; Gomes, S.A., Univ Estado Mato Grosso, City, Brazil",pantanal; carbon dioxide; air quality,,"Conselho Nacional de Desenvolvimento Cientifico e Tecnologico, CNPq: 123",English,Article
"Barbosa, A.; Almeida, C.; Santos, K.M.; Gomes, S.A.","Barbosa, Ana (1000); Almeida, Carlos (1001); Santos, Keitty (1002); Gomes, Silvia (1003)",Study number 29 on fire water and carbon in tropical wetlands,2014,Ecosystems,29,10.1234/test.029,"Radboud Univ, City, Netherlands; Univ Estado Mato Grosso, City, Brazil","Barbosa, A., Radboud Univ, City, Netherlands; Almeida, C., Univ Estado Mato Grosso, City, Brazil; Santos, K.M., Univ Estado Mato Grosso, City, Brazil; Gomes, S.A., Univ Estado Mato Grosso, City, Brazil",carbon dioxide; land use; air quality,,"Conselho Nacional de Desenvolvimento Cientifico e Tecnologico, CNPq: 123",English,Article
"Costa, P.; Mello, E.R.","Costa, Pedro (1000); Mello, Elaine (1001)",Study number 30 on fire water and carbon in tropical wetlands,2019,Wetlands,60,10.1234/test.030,"Univ Lisboa, City, Portugal; Univ Estado Mato Grosso, City, Brazil","Costa, P., Univ Lisboa, City, Portugal; Mello, E.R., Univ Estado Mato Grosso, City, Brazil",wetland; smoke; methane; drought,,"Conselho Nacional de Desenvolvimento Cientifico e Tecnologico, CNPq: 123",English,Article
"Barbosa, A.; Almeida, C.; Santos, K.M.","Barbosa, Ana (1000); Almeida, Carlos (1001); Santos, Keitty (1002)",Study number 31 on fire water and carbon in tropical wetlands,2020,Revista Brasileira de Geografia Fisica,60,10.1234/test.031,"Radboud Univ, City, Netherlands; Univ Estado Mato Grosso, City, Brazil","Barbosa, A., Radboud Univ, City, Netherlands; Almeida, C., Univ Estado Mato Grosso, City, Brazil; Santos, K.M., Univ Estado Mato Grosso, City, Brazil",pantanal; public health; air quality; land use,,"Conselho Nacional de Desenvolvimento Cientifico e Tecnologico, CNPq: 123",English,Article
"Kosten, S.; Souza, M.","Kosten, Sarian (1000); Souza, Maria (1001)",Study number 32 on fire water and carbon in tropical wetlands,2016,Acta Limnologica Brasiliensia,38,10.1234/test.032,"Radboud Univ, City, Netherlands; Univ Estado Mato Grosso, City, Brazil","Kosten, S., Radboud Univ, City, Netherlands; Souza, M., Univ Estado Mato Grosso, City, Brazil",public health; phytoplankton,,"Conselho Nacional de Desenvolvimento Cientifico e Tecnologico, CNPq: 123",English,Article
"Rocha, B.; Muniz, C.C.; Silva, J.","Rocha, Beatriz (1000); Muniz, Claumir (1001); Silva, Joao (1002)",Study number 33 on fire water and carbon in tropical wetlands,2012,Science of the Total Environment,33,10.1234/test.033,"Univ Estado Mato Grosso, City, Brazil","Rocha, B., Univ Estado Mato Grosso, City, Brazil; Muniz, C.C., Univ Estado Mato Grosso, City, Brazil; Silva, J., Univ Estado Mato Grosso, City, Brazil",carbon dioxide; wildfire; smoke,,"Conselho Nacional de Desenvolvimento Cientifico e Tecnologico, CNPq: 123",English,Article
"Souza, M.; Lima, A.P.","Souza, Maria (1000); Lima, Ana Paula (1001)",Study number 34 on fire water and carbon in tropical wetlands,2022,Wetlands,12,10.1234/test.034,"Univ Estado Mato Grosso, City, Brazil","Souza, M., Univ Estado Mato Grosso, City, Brazil; Lima, A.P., Univ Estado Mato Grosso, City, Brazil",remote sensing; public health; ash; air quality,,"Conselho Nacional de Desenvolvimento Cientifico e Tecnologico, CNPq: 123",English,Article
"Almeida, C.; Miranda, S.E.; Mello, E.R.; Costa, P.","Almeida, Carlos (1000); Miranda, Sofia (1001); Mello, Elaine (1002); Costa, Pedro (1003)",Study number 35 on fire water and carbon in tropical wetlands,2013,Revista Brasileira de Geografia Fisica,71,10.1234/test.035,"Univ Estado Mato Grosso, City, Brazil; Univ Chile, City, Chile; Univ Lisboa, City, Portugal","Almeida, C., Univ Estado Mato Grosso, City, Brazil; Miranda, S.E., Univ Chile, City, Chile; Mello, E.R., Univ Estado Mato Grosso, City, Brazil; Costa, P., Univ Lisboa, City, Portugal",ash; pantanal,,"Conselho Nacional de Desenvolvimento Cientifico e Tecnologico, CNPq: 123",English,Article
"Souza, M.; Nunes, R.; Ferreira, L.; Costa, P.","Souza, Maria (1000); Nunes, Rita (1001); Ferreira, Lucia (1002); Costa, Pedro (1003)",Study number 36 on fire water and carbon in tropical wetlands,2019,Acta Limnologica Brasiliensia,53,10.1234/test.036,"Univ Estado Mato Grosso, City, Brazil; Univ Buenos Aires, City, Argentina; Univ Lisboa, City, Portugal","Souza, M., Univ Estado Mato Grosso, City, Brazil; Nunes, R., Univ Estado Mato Grosso, City, Brazil; Ferreira, L., Univ Buenos Aires, City, Argentina; Costa, P., Univ Lisboa, City, Portugal",remote sensing; drought; land use; methane,,"Conselho Nacional de Desenvolvimento Cientifico e Tecnologico, CNPq: 123",English,Article
"Ferreira, L.; Kosten, S.; Santos, K.M.; Andrade, J.V.","Ferreira, Lucia (1000); Kosten, Sarian (1001); Santos, Keitty (1002); Andrade, Joao Vitor (1003)",Study number 37 on fire water and carbon in tropical wetlands,2020,Ecosystems,3,10.1234/test.037,"Univ Buenos Aires, City, Argentina; Radboud Univ, City, Netherlands; Univ Estado Mato Grosso, City, Brazil","Ferreira, L., Univ Buenos Aires, City, Argentina; Kosten, S., Radboud Univ, City, Netherlands; Santos, K.M., Univ Estado Mato Grosso, City, Brazil; Andrade, J.V., Univ Estado Mato Grosso, City, Brazil",pantanal; carbon dioxide; public health,,"Conselho Nacional de Desenvolvimento Cientifico e Tecnologico, CNPq: 123",English,Article
"Miranda, S.E.; Brum, E.V.; Pereira, T.F.","Miranda, Sofia (1000); Brum, Everton (1001); Pereira, Thiago (1002)",Study number 38 on fire water and carbon in tropical wetlands,2022,Atmosphere,18,10.1234/test.038,"Univ Chile, City, Chile; Univ Estado Mato Grosso, City, Brazil","Miranda, S.E., Univ Chile, City, Chile; Brum, E.V., Univ Estado Mato Grosso, City, Brazil; Pereira, T.F., Univ Estado Mato Grosso, City, Brazil",carbon dioxide; wetland; phytoplankton; public health,,"Conselho Nacional de Desenvolvimento Cientifico e Tecnologico, CNPq: 123",English,Article
"Ferreira, L.; Gomes, S.A.","Ferreira, Lucia (1000); Gomes, Silvia (1001)",Study number 39 on fire water and carbon in tropical wetlands,2010,Atmosphere,47,10.1234/test.039,"Univ Buenos Aires, City, Argentina; Univ Estado Mato Grosso, City, Brazil","Ferreira, L., Univ Buenos Aires, City, Argentina; Gomes, S.A., Univ Estado Mato Grosso, City, Brazil",ash; air quality; smoke; wildfire,,"Conselho Nacional de Desenvolvimento Cientifico e Tecnologico, CNPq: 123",English,Article
"Kosten, S.; Souza, M.; Andrade, J.V.","Kosten, Sarian (1000); Souza, Maria (1001); Andrade, Joao Vitor (1002)",Study number 40 on fire water and carbon in tropical wetlands,2018,Acta Limnologica Brasiliensia,6,10.1234/test.040,"Radboud Univ, City, Netherlands; Univ Estado Mato Grosso, City, Brazil","Kosten, S., Radboud Univ, City, Netherlands; Souza, M., Univ Estado Mato Grosso, City, Brazil; Andrade, J.V., Univ Estado Mato Grosso, City, Brazil",ash; smoke; pantanal,,"Conselho Nacional de Desenvolvimento Cientifico e Tecnologico, CNPq: 123",English,Article
"Kosten, S.; Santos, K.M.","Kosten, Sarian (1000); Santos, Keitty (1001)",Study number 41 on fire water and carbon in tropical wetlands,2009,Ecosystems,22,10.1234/test.041,"Radboud Univ, City, Netherlands; Univ Estado Mato Grosso, City, Brazil","Kosten, S., Radboud Univ, City, Netherlands; Santos, K.M., Univ Estado Mato Grosso, City, Brazil",air quality; public health; methane; pantanal,,"Conselho Nacional de Desenvolvimento Cientifico e Tecnologico, CNPq: 123",English,Article
"Brum, E.V.; Andrade, J.V.; Mello, E.R.","Brum, Everton (1000); Andrade, Joao Vitor (1001); Mello, Elaine (1002)",Study number 42 on fire water and carbon in tropical wetlands,2010,Ecosystems,74,10.1234/test.042,"Univ Estado Mato Grosso, City, Brazil","Brum, E.V., Univ Estado Mato Grosso, City, Brazil; Andrade, J.V., Univ Estado Mato Grosso, City, Brazil; Mello, E.R., Univ Estado Mato Grosso, City, Brazil",remote sensing; drought; smoke,,"Conselho Nacional de Desenvolvimento Cientifico e Tecnologico, CNPq: 123",English,Article
"Nunes, R.; Brum, E.V.; Barbosa, A.; Costa, P.","Nunes, Rita (1000); Brum, Everton (1001); Barbosa, Ana (1002); Costa, Pedro (1003)",Study number 43 on fire water and carbon in tropical wetlands,2020,Acta Limnologica Brasiliensia,72,10.1234/test.043,"Univ Estado Mato Grosso, City, Brazil; Radboud Univ, City, Netherlands; Univ Lisboa, City, Portugal","Nunes, R., Univ Estado Mato Grosso, City, Brazil; Brum, E.V., Univ Estado Mato Grosso, City, Brazil; Barbosa, A., Radboud Univ, City, Netherlands; Costa, P., Univ Lisboa, City, Portugal",smoke; methane,,"Conselho Nacional de Desenvolvimento Cientifico e Tecnologico, CNPq: 123",English,Article
"Barbosa, A.; Mello, E.R.; Almeida, C.","Barbosa, Ana (1000); Mello, Elaine (1001); Almeida, Carlos (1002)",Study number 44 on fire water and carbon in tropical wetlands,2021,Acta Limnologica Brasiliensia,80,10.1234/test.044,"Radboud Univ, City, Netherlands; Univ Estado Mato Grosso, City, Brazil","Barbosa, A., Radboud Univ, City, Netherlands; Mello, E.R., Univ Estado Mato Grosso, City, Brazil; Almeida, C., Univ Estado Mato Grosso, City, Brazil",remote sensing; wildfire,,"Conselho Nacional de Desenvolvimento Cientifico e Tecnologico, CNPq: 123",English,Article
"Silva, J.; Souza, M.; Gomes, S.A.","Silva, Joao (1000); Souza, Maria (1001); Gomes, Silvia (1002)",Study number 45 on fire water and carbon in tropical wetlands,2025,Acta Limnologica Brasiliensia,24,10.1234/test.045,"Univ Estado Mato Grosso, City, Brazil","Silva, J., Univ Estado Mato Grosso, City, Brazil; Souza, M., Univ Estado Mato Grosso, City, Brazil; Gomes, S.A., Univ Estado Mato Grosso, City, Brazil",pantanal; wetland,,"Conselho Nacional de Desenvolvimento Cientifico e Tecnologico, CNPq: 123",English,Article
"Miranda, S.E.","Miranda, Sofia (1000)",Study number 46 on fire water and carbon in tropical wetlands,2022,Science of the Total Environment,66,10.1234/test.046,"Univ Chile, City, Chile","Miranda, S.E., Univ Chile, City, Chile",smoke; carbon dioxide; pantanal,,"Conselho Nacional de Desenvolvimento Cientifico e Tecnologico, CNPq: 123",English,Article
"Pereira, T.F.; Santos, K.M.","Pereira, Thiago (1000); Santos, Keitty (1001)",Study number 47 on fire water and carbon in tropical wetlands,2023,Acta Limnologica Brasiliensia,82,,"Univ Estado Mato Grosso, City, Brazil","Pereira, T.F., Univ Estado Mato Grosso, City, Brazil; Santos, K.M., Univ Estado Mato Grosso, City, Brazil",wetland; carbon dioxide; floodplain,,"Conselho Nacional de Desenvolvimento Cientifico e Tecnologico, CNPq: 123",English,Article
"Barbosa, A.","Barbosa, Ana (1000)",Study number 48 on fire water and carbon in tropical wetlands,2012,Revista Brasileira de Geografia Fisica,22,10.1234/test.048,"Radboud Univ, City, Netherlands","Barbosa, A., Radboud Univ, City, Netherlands",wildfire; carbon dioxide,,"Conselho Nacional de Desenvolvimento Cientifico e Tecnologico, CNPq: 123",English,Article
"Silva, J.; Muniz, C.C.","Silva, Joao (1000); Muniz, Claumir (1001)",Study number 49 on fire water and carbon in tropical wetlands,2018,Revista Brasileira de Geografia Fisica,16,10.1234/test.049,"Univ Estado Mato Grosso, City, Brazil","Silva, J., Univ Estado Mato Grosso, City, Brazil; Muniz, C.C., Univ Estado Mato Grosso, City, Brazil",carbon dioxide; land use; pantanal,,"Conselho Nacional de Desenvolvimento Cientifico e Tecnologico, CNPq: 123",English,Article
